Statistics for graph,4
number of nodes,7375
number of node types,10
process_memory,5525
file,31505
task,1926
pipe,44
socket,880
link,5
machine,4
path,69
argv,4
address,4
number of edges,35088
number of edge types,5
wasDerivedFrom,31616
used,1134
wasGeneratedBy,1203
wasInformedBy,1134
wasAssociatedWith,1
number of distinct edge schemas,19
process_memory-wasDerivedFrom-file,20268
task-used-process_memory,269
file-wasGeneratedBy-task,61
task-wasInformedBy-task,1134
process_memory-wasDerivedFrom-process_memory,423
task-used-socket,758
pipe-wasGeneratedBy-task,32
process_memory-wasGeneratedBy-task,864
file-wasDerivedFrom-file,3241
file-wasDerivedFrom-process_memory,7365
socket-wasGeneratedBy-task,246
socket-wasDerivedFrom-socket,217
task-used-pipe,9
pipe-wasDerivedFrom-pipe,10
socket-wasDerivedFrom-task,90
link-wasDerivedFrom-link,2
task-used-file,97
task-used-link,1
machine-wasAssociatedWith-task,1
