Statistics for graph,16
number of nodes,5722
number of node types,10
task,2200
file,15337
process_memory,3357
socket,1237
iattr,1
pipe,71
machine,1
path,5
argv,4
address,2
number of edges,20032
number of edge types,4
used,1256
wasGeneratedBy,1356
wasInformedBy,1256
wasDerivedFrom,16164
number of distinct edge schemas,18
task-used-file,124
process_memory-wasGeneratedBy-task,1081
task-wasInformedBy-task,1256
file-wasDerivedFrom-process_memory,4933
socket-wasDerivedFrom-socket,389
socket-wasDerivedFrom-task,200
task-used-socket,908
process_memory-wasDerivedFrom-process_memory,511
process_memory-wasDerivedFrom-file,8278
task-used-process_memory,201
socket-wasGeneratedBy-task,239
file-wasDerivedFrom-file,1825
file-wasGeneratedBy-task,2
iattr-wasGeneratedBy-task,1
file-wasDerivedFrom-iattr,1
pipe-wasGeneratedBy-task,33
pipe-wasDerivedFrom-pipe,27
task-used-pipe,23
