Statistics for graph,14
number of nodes,4791
number of node types,10
file,18234
process_memory,3466
socket,833
task,1473
iattr,8
pipe,46
machine,2
path,13
argv,4
address,2
number of edges,20946
number of edge types,4
wasDerivedFrom,18621
wasInformedBy,756
used,758
wasGeneratedBy,811
number of distinct edge schemas,18
file-wasDerivedFrom-process_memory,5745
file-wasDerivedFrom-file,2354
process_memory-wasDerivedFrom-file,9720
socket-wasDerivedFrom-socket,279
task-wasInformedBy-task,756
task-used-process_memory,195
task-used-file,55
file-wasGeneratedBy-task,13
process_memory-wasDerivedFrom-process_memory,404
process_memory-wasGeneratedBy-task,575
task-used-socket,488
socket-wasGeneratedBy-task,202
iattr-wasGeneratedBy-task,6
file-wasDerivedFrom-iattr,6
socket-wasDerivedFrom-task,100
pipe-wasGeneratedBy-task,15
pipe-wasDerivedFrom-pipe,13
task-used-pipe,20
