Statistics for graph,12
number of nodes,4177
number of node types,10
task,1158
file,17291
process_memory,3307
path,21
socket,821
pipe,19
iattr,1
machine,2
argv,4
address,2
number of edges,19494
number of edge types,4
used,536
wasGeneratedBy,566
wasInformedBy,535
wasDerivedFrom,17857
number of distinct edge schemas,18
task-used-process_memory,196
task-used-socket,306
socket-wasGeneratedBy-task,203
task-wasInformedBy-task,535
file-wasDerivedFrom-process_memory,4054
file-wasDerivedFrom-file,2039
process_memory-wasDerivedFrom-file,10899
socket-wasDerivedFrom-socket,372
socket-wasDerivedFrom-task,108
process_memory-wasGeneratedBy-task,353
process_memory-wasDerivedFrom-process_memory,379
pipe-wasGeneratedBy-task,6
pipe-wasDerivedFrom-pipe,5
task-used-pipe,5
task-used-file,29
file-wasGeneratedBy-task,3
iattr-wasGeneratedBy-task,1
file-wasDerivedFrom-iattr,1
