Statistics for graph,17
number of nodes,5065
number of node types,11
file,19092
process_memory,3827
task,1167
socket,836
link,33
pipe,27
machine,3
path,10
iattr,1
argv,4
address,2
number of edges,21301
number of edge types,5
wasDerivedFrom,19768
used,508
wasGeneratedBy,514
wasInformedBy,508
wasAssociatedWith,3
number of distinct edge schemas,23
file-wasDerivedFrom-process_memory,5778
process_memory-wasDerivedFrom-file,10466
file-wasDerivedFrom-file,2460
task-used-process_memory,198
socket-wasGeneratedBy-task,165
task-wasInformedBy-task,508
socket-wasDerivedFrom-socket,381
process_memory-wasDerivedFrom-process_memory,475
task-used-socket,216
task-used-link,20
process_memory-wasGeneratedBy-task,328
socket-wasDerivedFrom-task,188
task-used-file,63
pipe-wasGeneratedBy-task,7
task-used-pipe,11
pipe-wasDerivedFrom-pipe,7
iattr-wasGeneratedBy-task,1
file-wasDerivedFrom-iattr,1
file-wasGeneratedBy-task,13
machine-wasAssociatedWith-task,3
process_memory-wasDerivedFrom-path,4
file-wasDerivedFrom-link,2
link-wasDerivedFrom-link,6
