Statistics for graph,13
number of nodes,3929
number of node types,10
file,20380
process_memory,3821
task,1670
socket,1067
link,2
pipe,49
path,50
address,3
machine,2
argv,4
number of edges,23710
number of edge types,4
wasDerivedFrom,21099
used,853
wasInformedBy,852
wasGeneratedBy,906
number of distinct edge schemas,17
process_memory-wasDerivedFrom-file,14642
task-used-process_memory,291
task-wasInformedBy-task,852
socket-wasDerivedFrom-socket,415
socket-wasGeneratedBy-task,266
process_memory-wasDerivedFrom-process_memory,475
file-wasGeneratedBy-task,51
file-wasDerivedFrom-file,1748
task-used-socket,519
socket-wasDerivedFrom-task,98
process_memory-wasGeneratedBy-task,574
file-wasDerivedFrom-process_memory,3706
task-used-link,2
task-used-file,26
pipe-wasGeneratedBy-task,15
pipe-wasDerivedFrom-pipe,15
task-used-pipe,15
