Statistics for graph,20
number of nodes,4736
number of node types,9
task,1245
file,18546
process_memory,3633
socket,700
pipe,23
iattr,8
machine,2
path,21
argv,4
number of edges,20862
number of edge types,4
used,643
wasGeneratedBy,666
wasInformedBy,644
wasDerivedFrom,18909
number of distinct edge schemas,18
task-used-process_memory,207
task-used-socket,249
socket-wasGeneratedBy-task,170
process_memory-wasGeneratedBy-task,445
task-wasInformedBy-task,644
process_memory-wasDerivedFrom-file,11644
socket-wasDerivedFrom-socket,307
socket-wasDerivedFrom-task,87
process_memory-wasDerivedFrom-process_memory,393
file-wasDerivedFrom-file,1935
file-wasDerivedFrom-process_memory,4529
pipe-wasGeneratedBy-task,10
task-used-file,182
pipe-wasDerivedFrom-pipe,7
file-wasGeneratedBy-task,34
task-used-pipe,5
iattr-wasGeneratedBy-task,7
file-wasDerivedFrom-iattr,7
