Statistics for graph,19
number of nodes,3733
number of node types,10
file,22035
process_memory,4119
task,1341
pipe,25
socket,971
iattr,7
machine,3
path,34
address,2
argv,4
number of edges,24777
number of edge types,5
wasDerivedFrom,22742
used,664
wasGeneratedBy,705
wasInformedBy,665
wasAssociatedWith,1
number of distinct edge schemas,20
process_memory-wasDerivedFrom-file,16937
task-used-process_memory,223
task-used-socket,423
pipe-wasGeneratedBy-task,14
process_memory-wasGeneratedBy-task,446
task-wasInformedBy-task,665
process_memory-wasDerivedFrom-process_memory,412
file-wasDerivedFrom-file,1668
file-wasDerivedFrom-process_memory,3235
socket-wasGeneratedBy-task,229
socket-wasDerivedFrom-socket,378
socket-wasDerivedFrom-task,99
task-used-file,12
iattr-wasGeneratedBy-task,6
file-wasDerivedFrom-iattr,6
file-wasGeneratedBy-task,10
pipe-wasDerivedFrom-pipe,6
task-used-pipe,6
file-wasDerivedFrom-path,1
machine-wasAssociatedWith-task,1
