Statistics for graph,15
number of nodes,3630
number of node types,9
file,25413
process_memory,4176
task,431
socket,195
pipe,20
path,32
machine,2
argv,4
address,2
number of edges,25798
number of edge types,4
wasDerivedFrom,25270
used,176
wasGeneratedBy,176
wasInformedBy,176
number of distinct edge schemas,15
file-wasDerivedFrom-process_memory,4463
file-wasDerivedFrom-file,2442
process_memory-wasDerivedFrom-process_memory,176
process_memory-wasDerivedFrom-file,18074
task-used-process_memory,112
socket-wasGeneratedBy-task,41
task-wasInformedBy-task,176
socket-wasDerivedFrom-socket,82
task-used-socket,62
process_memory-wasGeneratedBy-task,66
socket-wasDerivedFrom-task,30
pipe-wasGeneratedBy-task,17
task-used-file,2
file-wasGeneratedBy-task,52
pipe-wasDerivedFrom-pipe,3
