Statistics for graph,11
number of nodes,1689
number of node types,9
file,5076
path,27
task,681
process_memory,1142
pipe,14
socket,401
link,15
machine,2
address,2
number of edges,6530
number of edge types,5
wasDerivedFrom,5458
used,354
wasGeneratedBy,369
wasInformedBy,348
wasAssociatedWith,1
number of distinct edge schemas,21
file-wasDerivedFrom-path,1
task-used-process_memory,107
task-used-pipe,6
pipe-wasGeneratedBy-task,5
process_memory-wasGeneratedBy-task,250
socket-wasGeneratedBy-task,93
task-wasInformedBy-task,348
process_memory-wasDerivedFrom-file,3087
process_memory-wasDerivedFrom-process_memory,219
socket-wasDerivedFrom-socket,161
pipe-wasDerivedFrom-pipe,3
task-used-socket,171
socket-wasDerivedFrom-task,85
file-wasDerivedFrom-file,518
file-wasDerivedFrom-process_memory,1377
task-used-file,65
file-wasGeneratedBy-task,21
task-used-link,5
file-wasDerivedFrom-link,2
link-wasDerivedFrom-link,5
machine-wasAssociatedWith-task,1
