Statistics for graph,9
number of nodes,8695
number of node types,11
file,26685
process_memory,5681
task,3382
socket,1725
pipe,49
link,21
iattr,11
machine,3
path,83
address,5
argv,8
number of edges,33576
number of edge types,5
wasDerivedFrom,27673
used,1922
wasGeneratedBy,2055
wasInformedBy,1925
wasAssociatedWith,1
number of distinct edge schemas,23
file-wasDerivedFrom-process_memory,6777
file-wasDerivedFrom-file,2882
process_memory-wasDerivedFrom-process_memory,814
process_memory-wasDerivedFrom-file,16264
task-used-socket,925
process_memory-wasGeneratedBy-task,1598
task-wasInformedBy-task,1925
task-used-pipe,11
task-used-process_memory,398
socket-wasDerivedFrom-socket,627
socket-wasGeneratedBy-task,394
socket-wasDerivedFrom-task,275
pipe-wasGeneratedBy-task,19
task-used-link,10
task-used-file,578
pipe-wasDerivedFrom-pipe,14
file-wasGeneratedBy-task,35
file-wasDerivedFrom-link,1
iattr-wasGeneratedBy-task,9
file-wasDerivedFrom-iattr,9
link-wasDerivedFrom-link,5
machine-wasAssociatedWith-task,1
process_memory-wasDerivedFrom-path,5
