Statistics for graph,18
number of nodes,4598
number of node types,11
process_memory,4268
file,22007
task,1579
socket,972
pipe,26
link,7
iattr,7
machine,2
path,41
argv,4
address,2
number of edges,25082
number of edge types,4
wasDerivedFrom,22674
used,790
wasGeneratedBy,825
wasInformedBy,793
number of distinct edge schemas,22
file-wasDerivedFrom-process_memory,4140
file-wasDerivedFrom-file,1842
process_memory-wasDerivedFrom-file,15628
task-used-process_memory,254
socket-wasGeneratedBy-task,214
task-wasInformedBy-task,793
socket-wasDerivedFrom-socket,434
task-used-socket,323
process_memory-wasGeneratedBy-task,561
process_memory-wasDerivedFrom-process_memory,491
task-used-pipe,12
pipe-wasGeneratedBy-task,11
pipe-wasDerivedFrom-pipe,7
socket-wasDerivedFrom-task,121
file-wasGeneratedBy-task,32
task-used-link,5
file-wasDerivedFrom-link,2
task-used-file,196
link-wasDerivedFrom-link,1
iattr-wasGeneratedBy-task,7
file-wasDerivedFrom-iattr,7
file-wasDerivedFrom-path,1
