Statistics for graph,6
number of nodes,6648
number of node types,10
process_memory,5560
file,30142
task,2218
socket,1398
pipe,28
machine,4
path,47
argv,8
address,4
iattr,7
number of edges,34638
number of edge types,4
wasDerivedFrom,30823
used,1238
wasInformedBy,1242
wasGeneratedBy,1335
number of distinct edge schemas,18
process_memory-wasDerivedFrom-file,20199
file-wasDerivedFrom-process_memory,6713
file-wasDerivedFrom-file,2821
task-used-process_memory,315
task-wasInformedBy-task,1242
file-wasGeneratedBy-task,16
process_memory-wasDerivedFrom-process_memory,498
socket-wasGeneratedBy-task,374
socket-wasDerivedFrom-socket,473
socket-wasDerivedFrom-task,102
task-used-socket,897
process_memory-wasGeneratedBy-task,927
pipe-wasGeneratedBy-task,11
pipe-wasDerivedFrom-pipe,10
task-used-pipe,8
task-used-file,18
iattr-wasGeneratedBy-task,7
file-wasDerivedFrom-iattr,7
