Statistics for graph,10
number of nodes,9472
number of node types,11
task,4947
file,21193
socket,2123
process_memory,5190
pipe,50
iattr,6
machine,3
path,58
argv,8
address,5
link,29
number of edges,31964
number of edge types,5
wasGeneratedBy,3498
wasDerivedFrom,22039
wasInformedBy,3216
used,3208
wasAssociatedWith,3
number of distinct edge schemas,22
socket-wasGeneratedBy-task,712
file-wasDerivedFrom-process_memory,6635
file-wasDerivedFrom-file,2509
socket-wasDerivedFrom-socket,327
process_memory-wasDerivedFrom-process_memory,853
process_memory-wasDerivedFrom-file,11564
task-wasInformedBy-task,3216
socket-wasDerivedFrom-task,114
task-used-socket,2430
process_memory-wasGeneratedBy-task,2699
task-used-process_memory,526
pipe-wasGeneratedBy-task,22
task-used-file,231
file-wasGeneratedBy-task,59
iattr-wasGeneratedBy-task,6
file-wasDerivedFrom-iattr,6
task-used-pipe,14
pipe-wasDerivedFrom-pipe,13
machine-wasAssociatedWith-task,3
process_memory-wasDerivedFrom-path,7
task-used-link,7
link-wasDerivedFrom-link,11
