Statistics for graph,1
number of nodes,4005
number of node types,11
task,1660
socket,1139
file,16579
process_memory,3427
pipe,23
link,4
iattr,12
machine,7
path,85
address,16
argv,8
number of edges,20108
number of edge types,5
used,820
wasGeneratedBy,850
wasInformedBy,809
wasDerivedFrom,17618
wasAssociatedWith,11
number of distinct edge schemas,23
task-used-socket,409
task-used-process_memory,301
process_memory-wasGeneratedBy-task,528
pipe-wasGeneratedBy-task,8
task-wasInformedBy-task,809
socket-wasDerivedFrom-task,178
process_memory-wasDerivedFrom-file,11165
pipe-wasDerivedFrom-pipe,4
socket-wasDerivedFrom-socket,478
process_memory-wasDerivedFrom-process_memory,592
task-used-pipe,9
file-wasDerivedFrom-process_memory,3668
socket-wasGeneratedBy-task,271
task-used-file,101
file-wasDerivedFrom-file,1511
link-wasDerivedFrom-link,2
file-wasGeneratedBy-task,35
iattr-wasGeneratedBy-task,8
file-wasDerivedFrom-iattr,8
machine-wasAssociatedWith-task,11
process_memory-wasDerivedFrom-path,7
file-wasDerivedFrom-path,3
socket-wasDerivedFrom-address,2
