Statistics for graph,8
number of nodes,9180
number of node types,11
file,30888
process_memory,6438
task,3688
socket,1748
pipe,33
iattr,11
machine,4
path,88
address,5
link,5
argv,8
number of edges,38325
number of edge types,5
wasDerivedFrom,31798
wasInformedBy,2135
used,2134
wasGeneratedBy,2254
wasAssociatedWith,4
number of distinct edge schemas,22
file-wasDerivedFrom-process_memory,8034
file-wasDerivedFrom-file,3082
process_memory-wasDerivedFrom-process_memory,807
process_memory-wasDerivedFrom-file,18883
task-wasInformedBy-task,2135
task-used-socket,912
process_memory-wasGeneratedBy-task,1764
socket-wasDerivedFrom-task,247
socket-wasDerivedFrom-socket,683
task-used-process_memory,448
socket-wasGeneratedBy-task,435
task-used-file,765
file-wasGeneratedBy-task,33
pipe-wasGeneratedBy-task,14
pipe-wasDerivedFrom-pipe,11
task-used-pipe,5
iattr-wasGeneratedBy-task,8
file-wasDerivedFrom-iattr,8
machine-wasAssociatedWith-task,4
process_memory-wasDerivedFrom-path,42
task-used-link,4
file-wasDerivedFrom-link,1
