Statistics for graph,7
number of nodes,7977
number of node types,11
task,2670
file,32258
process_memory,6376
socket,1976
pipe,33
iattr,10
machine,4
path,73
address,4
argv,8
link,1
number of edges,37799
number of edge types,4
used,1292
wasGeneratedBy,1342
wasInformedBy,1296
wasDerivedFrom,33869
number of distinct edge schemas,19
task-used-file,60
file-wasGeneratedBy-task,31
process_memory-wasGeneratedBy-task,895
task-wasInformedBy-task,1296
process_memory-wasDerivedFrom-process_memory,836
file-wasDerivedFrom-file,3317
file-wasDerivedFrom-process_memory,9576
process_memory-wasDerivedFrom-file,18871
task-used-process_memory,406
socket-wasGeneratedBy-task,385
socket-wasDerivedFrom-socket,872
task-used-socket,819
socket-wasDerivedFrom-task,385
pipe-wasGeneratedBy-task,23
pipe-wasDerivedFrom-pipe,4
task-used-pipe,6
iattr-wasGeneratedBy-task,8
file-wasDerivedFrom-iattr,8
task-used-link,1
