Statistics for graph,3
number of nodes,6563
number of node types,10
file,30131
process_memory,5334
task,1740
pipe,49
socket,971
iattr,12
machine,3
path,37
argv,8
address,4
number of edges,33097
number of edge types,4
wasDerivedFrom,30536
used,841
wasGeneratedBy,880
wasInformedBy,840
number of distinct edge schemas,18
file-wasDerivedFrom-file,4066
file-wasDerivedFrom-process_memory,11345
process_memory-wasDerivedFrom-file,14037
task-used-process_memory,242
task-used-socket,502
pipe-wasGeneratedBy-task,21
process_memory-wasGeneratedBy-task,609
task-wasInformedBy-task,840
pipe-wasDerivedFrom-pipe,18
process_memory-wasDerivedFrom-process_memory,558
task-used-file,79
task-used-pipe,18
socket-wasDerivedFrom-socket,355
socket-wasDerivedFrom-task,146
iattr-wasGeneratedBy-task,11
file-wasDerivedFrom-iattr,11
file-wasGeneratedBy-task,23
socket-wasGeneratedBy-task,216
