Statistics for graph,2
number of nodes,5634
number of node types,11
file,33094
process_memory,5953
task,1951
socket,1340
pipe,37
path,84
iattr,2
link,1
machine,3
argv,8
address,5
number of edges,36915
number of edge types,5
wasDerivedFrom,33827
wasInformedBy,1007
used,1011
wasGeneratedBy,1068
wasAssociatedWith,2
number of distinct edge schemas,20
process_memory-wasDerivedFrom-file,24814
task-wasInformedBy-task,1007
task-used-process_memory,364
socket-wasGeneratedBy-task,345
socket-wasDerivedFrom-socket,541
process_memory-wasDerivedFrom-process_memory,551
pipe-wasGeneratedBy-task,29
task-used-socket,605
socket-wasDerivedFrom-task,109
process_memory-wasGeneratedBy-task,652
file-wasDerivedFrom-process_memory,4990
file-wasDerivedFrom-file,2817
file-wasGeneratedBy-task,41
task-used-file,37
iattr-wasGeneratedBy-task,1
file-wasDerivedFrom-iattr,1
pipe-wasDerivedFrom-pipe,4
task-used-pipe,4
task-used-link,1
machine-wasAssociatedWith-task,2
