Statistics for graph,5
number of nodes,7850
number of node types,11
process_memory,5026
file,22066
task,3613
socket,1710
pipe,48
iattr,7
machine,3
path,58
address,4
argv,4
link,1
number of edges,29696
number of edge types,5
wasDerivedFrom,22947
used,2187
wasGeneratedBy,2373
wasInformedBy,2187
wasAssociatedWith,2
number of distinct edge schemas,22
file-wasDerivedFrom-process_memory,5554
task-used-socket,1395
process_memory-wasGeneratedBy-task,1795
task-wasInformedBy-task,2187
task-used-process_memory,445
socket-wasGeneratedBy-task,514
process_memory-wasDerivedFrom-process_memory,726
socket-wasDerivedFrom-task,152
file-wasDerivedFrom-file,2284
process_memory-wasDerivedFrom-file,13724
socket-wasDerivedFrom-socket,458
task-used-pipe,11
pipe-wasGeneratedBy-task,23
pipe-wasDerivedFrom-pipe,13
task-used-file,335
file-wasGeneratedBy-task,34
iattr-wasGeneratedBy-task,7
file-wasDerivedFrom-iattr,7
machine-wasAssociatedWith-task,2
process_memory-wasDerivedFrom-path,28
task-used-link,1
file-wasDerivedFrom-link,1
